search_term,match_type,shared_set_name,campaign_name,ad_group_name,matched_keyword,matched_keyword_match_type,added_on
alberta recruitment,EXACT,Candidate Traffic - Exclude,SEA_Polymer-Search,Category,job posting websites,PHRASE,2026-09-04
alberta recruitment,PHRASE,Candidate Traffic - Exclude,SEA_Polymer-Search,Category,job posting websites,PHRASE,2026-09-04
alberta recruitment,EXACT,account-level negative keywords list,SEA_Polymer-Search,Category,job posting websites,PHRASE,2026-09-04
alberta recruitment,PHRASE,account-level negative keywords list,SEA_Polymer-Search,Category,job posting websites,PHRASE,2026-09-04
free ats resume scan,EXACT,Candidate Traffic - Exclude,SEA_Polymer-Search,AI-Screening,ai resume screening,PHRASE,2026-09-04
free ats resume scan,PHRASE,Candidate Traffic - Exclude,SEA_Polymer-Search,AI-Screening,ai resume screening,PHRASE,2026-09-04
free ats resume scan,EXACT,account-level negative keywords list,SEA_Polymer-Search,AI-Screening,ai resume screening,PHRASE,2026-09-04
free ats resume scan,PHRASE,account-level negative keywords list,SEA_Polymer-Search,AI-Screening,ai resume screening,PHRASE,2026-09-04
ats scan,EXACT,Candidate Traffic - Exclude,SEA_Polymer-Search,AI-Screening,automated resume screening,EXACT,2026-09-04
ats scan,PHRASE,Candidate Traffic - Exclude,SEA_Polymer-Search,AI-Screening,automated resume screening,EXACT,2026-09-04
ats scan,EXACT,account-level negative keywords list,SEA_Polymer-Search,AI-Screening,automated resume screening,EXACT,2026-09-04
ats scan,PHRASE,account-level negative keywords list,SEA_Polymer-Search,AI-Screening,automated resume screening,EXACT,2026-09-04
ats pass,EXACT,Candidate Traffic - Exclude,SEA_Polymer-Search,AI-Screening,ai resume screening,PHRASE,2026-09-04
ats pass,PHRASE,Candidate Traffic - Exclude,SEA_Polymer-Search,AI-Screening,ai resume screening,PHRASE,2026-09-04
ats pass,EXACT,account-level negative keywords list,SEA_Polymer-Search,AI-Screening,ai resume screening,PHRASE,2026-09-04
ats pass,PHRASE,account-level negative keywords list,SEA_Polymer-Search,AI-Screening,ai resume screening,PHRASE,2026-09-04
vidcruiter download,EXACT,Candidate Traffic - Exclude,SEA_Polymer-Search,AI-Screening,ai recruiting software,PHRASE,2026-09-04
vidcruiter download,PHRASE,Candidate Traffic - Exclude,SEA_Polymer-Search,AI-Screening,ai recruiting software,PHRASE,2026-09-04
vidcruiter download,EXACT,account-level negative keywords list,SEA_Polymer-Search,AI-Screening,ai recruiting software,PHRASE,2026-09-04
vidcruiter download,PHRASE,account-level negative keywords list,SEA_Polymer-Search,AI-Screening,ai recruiting software,PHRASE,2026-09-04
jobsites,EXACT,Candidate Traffic - Exclude,SEA_Polymer-Search,Category,job recruiting websites,EXACT,2026-09-04
jobsites,PHRASE,Candidate Traffic - Exclude,SEA_Polymer-Search,Category,job recruiting websites,EXACT,2026-09-04
jobsites,EXACT,account-level negative keywords list,SEA_Polymer-Search,Category,job recruiting websites,EXACT,2026-09-04
jobsites,PHRASE,account-level negative keywords list,SEA_Polymer-Search,Category,job recruiting websites,EXACT,2026-09-04
atss checker,EXACT,Candidate Traffic - Exclude,SEA_Polymer-Search,AI-Screening,automated resume screening,EXACT,2026-09-09
atss checker,PHRASE,Candidate Traffic - Exclude,SEA_Polymer-Search,AI-Screening,automated resume screening,EXACT,2026-09-09
atss checker,EXACT,account-level negative keywords list,SEA_Polymer-Search,AI-Screening,automated resume screening,EXACT,2026-09-09
atss checker,PHRASE,account-level negative keywords list,SEA_Polymer-Search,AI-Screening,automated resume screening,EXACT,2026-09-09
oneforma official website,EXACT,Candidate Traffic - Exclude,SEA_Polymer-Search,Category,job posting websites,PHRASE,2026-09-09
oneforma official website,PHRASE,Candidate Traffic - Exclude,SEA_Polymer-Search,Category,job posting websites,PHRASE,2026-09-09
oneforma official website,EXACT,account-level negative keywords list,SEA_Polymer-Search,Category,job posting websites,PHRASE,2026-09-09
oneforma official website,PHRASE,account-level negative keywords list,SEA_Polymer-Search,Category,job posting websites,PHRASE,2026-09-09
talent com canada,EXACT,Candidate Traffic - Exclude,SEA_Polymer-Search,Category,job posting websites,PHRASE,2026-09-09
talent com canada,PHRASE,Candidate Traffic - Exclude,SEA_Polymer-Search,Category,job posting websites,PHRASE,2026-09-09
talent com canada,EXACT,account-level negative keywords list,SEA_Polymer-Search,Category,job posting websites,PHRASE,2026-09-09
talent com canada,PHRASE,account-level negative keywords list,SEA_Polymer-Search,Category,job posting websites,PHRASE,2026-09-09
randstad canada,EXACT,Candidate Traffic - Exclude,SEA_Polymer-Search,Category,job posting websites,PHRASE,2026-09-09
randstad canada,PHRASE,Candidate Traffic - Exclude,SEA_Polymer-Search,Category,job posting websites,PHRASE,2026-09-09
randstad canada,EXACT,account-level negative keywords list,SEA_Polymer-Search,Category,job posting websites,PHRASE,2026-09-09
randstad canada,PHRASE,account-level negative keywords list,SEA_Polymer-Search,Category,job posting websites,PHRASE,2026-09-09
ats scorer,EXACT,Candidate Traffic - Exclude,SEA_Polymer-Search,AI-Screening,automated resume screening,EXACT,2026-09-09
ats scorer,PHRASE,Candidate Traffic - Exclude,SEA_Polymer-Search,AI-Screening,automated resume screening,EXACT,2026-09-09
ats scorer,EXACT,account-level negative keywords list,SEA_Polymer-Search,AI-Screening,automated resume screening,EXACT,2026-09-09
ats scorer,PHRASE,account-level negative keywords list,SEA_Polymer-Search,AI-Screening,automated resume screening,EXACT,2026-09-09
ats checked,EXACT,Candidate Traffic - Exclude,SEA_Polymer-Search,AI-Screening,automated resume screening,EXACT,2026-09-09
ats checked,PHRASE,Candidate Traffic - Exclude,SEA_Polymer-Search,AI-Screening,automated resume screening,EXACT,2026-09-09
ats checked,EXACT,account-level negative keywords list,SEA_Polymer-Search,AI-Screening,automated resume screening,EXACT,2026-09-09
ats checked,PHRASE,account-level negative keywords list,SEA_Polymer-Search,AI-Screening,automated resume screening,EXACT,2026-09-09
ats checking,EXACT,Candidate Traffic - Exclude,SEA_Polymer-Search,AI-Screening,automated resume screening,EXACT,2026-09-09
ats checking,PHRASE,Candidate Traffic - Exclude,SEA_Polymer-Search,AI-Screening,automated resume screening,EXACT,2026-09-09
ats checking,EXACT,account-level negative keywords list,SEA_Polymer-Search,AI-Screening,automated resume screening,EXACT,2026-09-09
ats checking,PHRASE,account-level negative keywords list,SEA_Polymer-Search,AI-Screening,automated resume screening,EXACT,2026-09-09
ibm knockri,EXACT,Candidate Traffic - Exclude,SEA_Polymer-Search,AI-Screening,ai recruiting software,PHRASE,2026-09-10
ibm knockri,PHRASE,Candidate Traffic - Exclude,SEA_Polymer-Search,AI-Screening,ai recruiting software,PHRASE,2026-09-10
ibm knockri,EXACT,account-level negative keywords list,SEA_Polymer-Search,AI-Screening,ai recruiting software,PHRASE,2026-09-10
ibm knockri,PHRASE,account-level negative keywords list,SEA_Polymer-Search,AI-Screening,ai recruiting software,PHRASE,2026-09-10
check ats,EXACT,Candidate Traffic - Exclude,SEA_Polymer-Search,AI-Screening,automated resume screening,EXACT,2026-09-10
check ats,PHRASE,Candidate Traffic - Exclude,SEA_Polymer-Search,AI-Screening,automated resume screening,EXACT,2026-09-10
check ats,EXACT,account-level negative keywords list,SEA_Polymer-Search,AI-Screening,automated resume screening,EXACT,2026-09-10
check ats,PHRASE,account-level negative keywords list,SEA_Polymer-Search,AI-Screening,automated resume screening,EXACT,2026-09-10
skill syncer com,EXACT,Candidate Traffic - Exclude,SEA_Polymer-Search,AI-Screening,ai resume screening,PHRASE,2026-09-10
skill syncer com,PHRASE,Candidate Traffic - Exclude,SEA_Polymer-Search,AI-Screening,ai resume screening,PHRASE,2026-09-10
skill syncer com,EXACT,account-level negative keywords list,SEA_Polymer-Search,AI-Screening,ai resume screening,PHRASE,2026-09-10
skill syncer com,PHRASE,account-level negative keywords list,SEA_Polymer-Search,AI-Screening,ai resume screening,PHRASE,2026-09-10
resuscan,EXACT,Candidate Traffic - Exclude,SEA_Polymer-Search,AI-Screening,ai resume screening,PHRASE,2026-09-15
resuscan,PHRASE,Candidate Traffic - Exclude,SEA_Polymer-Search,AI-Screening,ai resume screening,PHRASE,2026-09-15
resuscan,EXACT,account-level negative keywords list,SEA_Polymer-Search,AI-Screening,ai resume screening,PHRASE,2026-09-15
resuscan,PHRASE,account-level negative keywords list,SEA_Polymer-Search,AI-Screening,ai resume screening,PHRASE,2026-09-15
cvscoring,EXACT,Candidate Traffic - Exclude,SEA_Polymer-Search,AI-Screening,ai resume screening,PHRASE,2026-09-15
cvscoring,PHRASE,Candidate Traffic - Exclude,SEA_Polymer-Search,AI-Screening,ai resume screening,PHRASE,2026-09-15
cvscoring,EXACT,account-level negative keywords list,SEA_Polymer-Search,AI-Screening,ai resume screening,PHRASE,2026-09-15
cvscoring,PHRASE,account-level negative keywords list,SEA_Polymer-Search,AI-Screening,ai resume screening,PHRASE,2026-09-15
fuoffer,EXACT,Candidate Traffic - Exclude,SEA_Polymer-Search,AI-Screening,ai recruiting software,PHRASE,2026-09-15
fuoffer,PHRASE,Candidate Traffic - Exclude,SEA_Polymer-Search,AI-Screening,ai recruiting software,PHRASE,2026-09-15
fuoffer,EXACT,account-level negative keywords list,SEA_Polymer-Search,AI-Screening,ai recruiting software,PHRASE,2026-09-15
fuoffer,PHRASE,account-level negative keywords list,SEA_Polymer-Search,AI-Screening,ai recruiting software,PHRASE,2026-09-15
wowthiscv,EXACT,Candidate Traffic - Exclude,SEA_Polymer-Search,AI-Screening,ai resume screening,PHRASE,2026-09-15
wowthiscv,PHRASE,Candidate Traffic - Exclude,SEA_Polymer-Search,AI-Screening,ai resume screening,PHRASE,2026-09-15
wowthiscv,EXACT,account-level negative keywords list,SEA_Polymer-Search,AI-Screening,ai resume screening,PHRASE,2026-09-15
wowthiscv,PHRASE,account-level negative keywords list,SEA_Polymer-Search,AI-Screening,ai resume screening,PHRASE,2026-09-15
help wanted ads,EXACT,Candidate Traffic - Exclude,SEA_Polymer-Search,Category,post a job online,PHRASE,2026-09-15
help wanted ads,PHRASE,Candidate Traffic - Exclude,SEA_Polymer-Search,Category,post a job online,PHRASE,2026-09-15
help wanted ads,EXACT,account-level negative keywords list,SEA_Polymer-Search,Category,post a job online,PHRASE,2026-09-15
help wanted ads,PHRASE,account-level negative keywords list,SEA_Polymer-Search,Category,post a job online,PHRASE,2026-09-15
ats enhancer,EXACT,Candidate Traffic - Exclude,SEA_Polymer-Search,AI-Screening,automated resume screening,EXACT,2026-09-15
ats enhancer,PHRASE,Candidate Traffic - Exclude,SEA_Polymer-Search,AI-Screening,automated resume screening,EXACT,2026-09-15
ats enhancer,EXACT,account-level negative keywords list,SEA_Polymer-Search,AI-Screening,automated resume screening,EXACT,2026-09-15
ats enhancer,PHRASE,account-level negative keywords list,SEA_Polymer-Search,AI-Screening,automated resume screening,EXACT,2026-09-15
vmock ai,EXACT,Candidate Traffic - Exclude,SEA_Polymer-Search,AI-Screening,ai resume screening,PHRASE,2026-09-15
vmock ai,PHRASE,Candidate Traffic - Exclude,SEA_Polymer-Search,AI-Screening,ai resume screening,PHRASE,2026-09-15
vmock ai,EXACT,account-level negative keywords list,SEA_Polymer-Search,AI-Screening,ai resume screening,PHRASE,2026-09-15
vmock ai,PHRASE,account-level negative keywords list,SEA_Polymer-Search,AI-Screening,ai resume screening,PHRASE,2026-09-15
knockri ibm,EXACT,Candidate Traffic - Exclude,SEA_Polymer-Search,AI-Screening,ai recruiting software,PHRASE,2026-09-15
knockri ibm,PHRASE,Candidate Traffic - Exclude,SEA_Polymer-Search,AI-Screening,ai recruiting software,PHRASE,2026-09-15
knockri ibm,EXACT,account-level negative keywords list,SEA_Polymer-Search,AI-Screening,ai recruiting software,PHRASE,2026-09-15
knockri ibm,PHRASE,account-level negative keywords list,SEA_Polymer-Search,AI-Screening,ai recruiting software,PHRASE,2026-09-15
ats friendly test,EXACT,Candidate Traffic - Exclude,SEA_Polymer-Search,AI-Screening,ai resume screening,PHRASE,2026-09-15
ats friendly test,PHRASE,Candidate Traffic - Exclude,SEA_Polymer-Search,AI-Screening,ai resume screening,PHRASE,2026-09-15
ats friendly test,EXACT,account-level negative keywords list,SEA_Polymer-Search,AI-Screening,ai resume screening,PHRASE,2026-09-15
ats friendly test,PHRASE,account-level negative keywords list,SEA_Polymer-Search,AI-Screening,ai resume screening,PHRASE,2026-09-15
ats checkers,EXACT,Candidate Traffic - Exclude,SEA_Polymer-Search,AI-Screening,automated resume screening,EXACT,2026-09-15
ats checkers,PHRASE,Candidate Traffic - Exclude,SEA_Polymer-Search,AI-Screening,automated resume screening,EXACT,2026-09-15
ats checkers,EXACT,account-level negative keywords list,SEA_Polymer-Search,AI-Screening,automated resume screening,EXACT,2026-09-15
ats checkers,PHRASE,account-level negative keywords list,SEA_Polymer-Search,AI-Screening,automated resume screening,EXACT,2026-09-15
ats reader test,EXACT,Candidate Traffic - Exclude,SEA_Polymer-Search,AI-Screening,automated resume screening,EXACT,2026-09-15
ats reader test,PHRASE,Candidate Traffic - Exclude,SEA_Polymer-Search,AI-Screening,automated resume screening,EXACT,2026-09-15
ats reader test,EXACT,account-level negative keywords list,SEA_Polymer-Search,AI-Screening,automated resume screening,EXACT,2026-09-15
ats reader test,PHRASE,account-level negative keywords list,SEA_Polymer-Search,AI-Screening,automated resume screening,EXACT,2026-09-15
